{"masterVolume":0.57894725,"musicVolume":0.8243176,"sfxVolume":0.4655213,"brightness":0.83126205,"windowedWidth":800,"windowedHeight":450,"numLevelsAvailable":5}